funders,count
School of Medicine,,28
School of Medicine,22
Department of Health,15
World Health Organization,11
Harvard Medical School,,11
University of California,9
Health Research,9
Centers for Disease Control and Prevention,8
York University,,8
Food and Drug Administration,8
Sanofi,8
EDS,8
American Academy of Pediatrics,7
Hospital for Sick Children,,7
Mayo Clinic,7
Siemens,7
Department of Surgery,,7
York University,7
University at Buffalo,,7
Massachusetts General Hospital,6
University of California,,6
American Medical Association,6
American Psychological Association,6
Medical Research Council,5
World Health Organization.,5
Ottawa Hospital,5
Teva Pharmaceutical Industries.,5
Allergan,5
Johns Hopkins University,5
University College London,5
Roche,5
McGill University,,5
State University of New York,,5
Cleveland Clinic,5
Sun Yat-sen University,,4
International Association for the Study of Pain,4
McGill University,4
Novartis,4
American Academy of Neurology,4
Canadian Institutes of Health Research,4
Ministry of Health,4
National Institutes of Health,4
Cleveland Clinic,,4
Beth Israel Deaconess Medical Center,,4
Teva Pharmaceutical Industries,,4
Massachusetts General Hospital,,4
University of Michigan,,4
National Cancer Center,,4
Samsung,4
Health Research,,4
Canadian Pain Society,4
Mayo Clinic,,4
Biogen,4
Ottawa Hospital,,3
Rigshospitalet,3
Charité Universitätsmedizin Berlin,,3
European Commission,3
University of Rochester,,3
Hospital for Sick Children,3
National Center for Complementary and Integrative Health,3
Duke University,,3
National Institute of Neurological Disorders and Stroke,,3
SAS Institute,3
Feinberg School of Medicine,,3
Thomas Jefferson University,,3
Istituto Superiore di Sanità,,3
Microsoft,3
Wayne State University,3
Wellcome Trust,3
American Psychiatric Association.,3
Stanford University,,3
University of Toronto,,3
Research and Development,,3
American Academy of Pediatrics.,3
Keck School of Medicine of USC,,3
University of Southern California,,3
Alzheimer’s Disease Neuroimaging Initiative,3
Ohio State University,,3
Pusan National University,3
National Center for Complementary and Alternative Medicine,3
Nintendo,2
National Heart, Lung, and Blood Institute,2
European Parliament,2
Centers for Disease Control and Prevention.,2
U.S. Food and Drug Administration,2
Chung-Ang University,,2
University of Cincinnati,2
Catholic University of Korea,,2
Ministero della Salute.,2
University of Toronto,2
National Institutes of Health,,2
National Institutes of Health.,2
University of Michigan,2
Amgen,2
New York University,,2
Quaker,2
King’s College London,,2
National Institute of Neurological Disorders and Stroke,2
Sungkyunkwan University,2
American Thoracic Society,2
Philips,2
3M,2
Cornell University,,2
Mahidol University,,2
Ministry of Health,,2
Ministry of Education,2
European Commission,,2
University of Maryland,2
University of Miami,2
Teva Pharmaceutical Industries,2
Weill Cornell Medical College,,2
Research and Development,2
Stony Brook University,2
Hospices Civils de Lyon,,2
Nationwide,2
NYU Langone Medical Center,,2
Yale University,2
University of Haifa,,2
Université Pierre et Marie Curie,,2
Kaiser Permanente,2
Sapienza Università di Roma,,2
Capital Medical University,,2
World Health Organization,,2
Georgetown University,,2
Hallym University,2
Georgia Regents University,,2
World Health Organization;,2
China Postdoctoral Science Foundation,2
Orange,2
Duke University,2
Eli Lilly and Company,,2
University of Melbourne,,2
American Heart Association.,2
Vanderbilt University,2
University of Cambridge,,2
National Institute of Biomedical Imaging and Bioengineering,2
National Multiple Sclerosis Society,2
University of Connecticut,2
American College of Emergency Physicians,2
Catholic University of Korea,2
RTI International,,2
European Centre for Disease Prevention and Control.,2
American Academy of Pediatrics,,2
Brown University,,2
University of Florida,2
Agency for Healthcare Research and Quality,2
Facebook,2
Health Canada,2
Università Cattolica del Sacro Cuore,,2
Baylor College of Medicine,,2
Columbia University,2
Johns Hopkins University,,2
Fondazione IRCCS Policlinico San Matteo,,2
American Psychiatric Publishing,,2
Merck,2
National and Kapodistrian University of Athens,,2
Multiple Sclerosis Society,2
National Center for Environmental Health,,2
University College London,,2
Kyushu University,,2
Bayer,2
University of Pennsylvania,,2
Griffith University,,2
University of Queensland,,2
Hôpitaux Universitaires de Genève,,1
Konkuk University,1
Harvard University,1
Dartmouth College,,1
City College of New York.,1
American College of Emergency Physicians,,1
American College of Emergency Physicians.,1
Istituto Superiore di Sanità,1
British Medical Association,1
Ontario Brain Institute,1
Centers for Disease Control and Prevention,,1
Aristotle University of Thessaloniki,,1
Catholic University of Korea;,1
Nanyang Technological University,,1
University of Virginia,1
Great Ormond Street Hospital for Children,,1
Project Management,,1
Neurofibromatosis,1
University of Southern California.,1
Shanghai Jiao Tong University,,1
Central South University,,1
Hallym University,,1
University of Texas, MD Anderson Cancer Center,,1
"Children's Hospital of Philadelphia",1
Università degli Studi di Palermo,,1
GE Healthcare,,1
Università degli Studi di Firenze,,1
Multiple Sclerosis Foundation,1
British Thoracic Society,1
Fondazione Umberto Veronesi,,1
National Center for Injury Prevention and Control,,1
National Center for Health Statistics,1
University of Chicago,1
Emory University,,1
Substance Abuse and Mental Health Services Administration,1
Department of Health,,1
Seoul National University,1
Medical College of Wisconsin,,1
American Academy of Neurology;,1
Osaka University,,1
Washington University in St. Louis,,1
Warwick Medical School,,1
University of Washington,1
University of Chicago.,1
Karolinska Institutet,1
Fondazione IRCCS Policlinico San Matteo,1
American Academy of Allergy, Asthma and Immunology,1
College of Liberal Arts,1
Dongguk University,1
American Music Therapy Association,1
American Academy of Neurology.,1
University of Kansas,1
Ministry of Health.,1
Université de Bordeaux,,1
University of Virginia,,1
Universitat de Barcelona,,1
Chung-Ang University,1
Aston University,,1
Hunter Medical Research Institute,1
Ewha Womans University,1
Technische Universität München,,1
Kaiser Permanente,,1
Karolinska Institutet,,1
Oncology Nursing Society.,1
Università degli Studi di Genova,,1
Solve ME/CFS Initiative,1
Weizmann Institute of Science,,1
National Association of Social Workers,1
Imperial College London,,1
Thomas Jefferson University,1
University of Warwick,,1
Arts Council England,1
North Bristol NHS Trust,,1
Universidade de Lisboa,,1
Ohio State University,1
Pfizer,1
National Institute of Mental Health,,1
Aflac,1
Tel Aviv University,,1
National Cancer Institute,,1
Università di Cagliari,,1
Fudan University,,1
Agency for Healthcare Research and Quality.,1
University of Ottawa,1
Consiglio Nazionale delle Ricerche,1
National Academy of Sciences,1
Otsuka Pharmaceutical,,1
University of North Carolina,1
National Cancer Center,1
Chiang Mai University,,1
Queensland Brain Institute,,1
Emory University,1
Russian Academy of Sciences,,1
University of Iowa,,1
Beth Israel Deaconess Medical Center;,1
Hasbro,1
Bar-Ilan University,1
Università Cattolica del Sacro Cuore,1
Commonwealth Fund,1
Hunter Medical Research Institute,,1
University of South Australia,,1
Society for Neuroscience,1
European Association of Urology,1
Migraine Trust,1
Dartmouth-Hitchcock Medical Center,,1
Patient-Centered Outcomes Research Institute,1
University of Queensland,1
American Cleft Palate-Craniofacial Association.,1
University of Minnesota.,1
Soonchunhyang University,1
Università degli Studi di Verona,,1
National Medical Center,1
University of Minnesota,,1
Sungkyunkwan University,,1
Chonnam National University,1
Alzheimer’s Research UK,1
Health Canada,,1
American Psychiatric Association,,1
American Psychiatric Association,1
Health Canada.,1
University of Illinois at Urbana-Champaign,,1
Louisiana State University,1
Pediatric Oncology Group of Ontario.,1
Stanford University,1
American Psychiatric Publishing,1
Drexel University,1
Wenzhou Medical University,,1
Massachusetts General Hospital.,1
Eulji University,,1
Fondazione Italiana Sclerosi Multipla,1
Utrecht University,,1
University of Pittsburgh,,1
National Institute of Child Health and Human Development,1
Multiple Sclerosis Society.,1
Multiple Sclerosis Society,,1
University of Ulsan,1
Lockheed Martin,,1
Heart Rhythm Society,1
University of Utah.,1
Northwestern University,1
Fondazione IRCCS Policlinico San Matteo;,1
Ministry of Education,,1
State University of New York,1
McGraw-Hill Companies,1
European Respiratory Society,1
University of Pittsburgh,1
University of Utah,,1
McGill University.,1
Institute for Molecular Science,,1
Icahn School of Medicine at Mount Sinai,,1
University of British Columbia,,1
Georgetown University,1
Loma Linda University,,1
College of Emergency Medicine,1
Kings College London,,1
Pusan National University.,1
Pusan National University,,1
University of Alabama at Birmingham,,1
Yonsei University,,1
American Heart Association,1
Columbia University,,1
Institute of Infection and Immunity,,1
Johns Hopkins University.,1
International Association for the Study of Pain,,1
New York University,1
Eberhard Karls Universität Tübingen,,1
University of Rochester,1
Princeton University,1
National Eye Institute,1
Society for Academic Emergency Medicine,,1
American Psychiatric Publishing;,1
Cardiff University,,1
U.S. Department of Health and Human Services,1
University of Massachusetts,1
British Association for Psychopharmacology.,1
National Science Foundation,1
Genesis Pharma,,1
Shahid Beheshti University of Medical Sciences,,1
National Research Council Canada,1
Jichi Medical University,,1
Colorado State University,,1
