binomial,count
Helicobacter pylori,5
Mycoplasma pneumoniae,3
Absolute displacement,2
Escherichia coli,2
Bifidobacterium longum,2
Lactobacillus reuteri,2
Tanacetum parthenium,2
Relative displacement,2
Fisher test,2
Bacillus coagulans,2
Bartonella henselae,2
Andrographis paniculata,2
Infantile colic,1
Diagnostic testing,1
Clostridium botulinum,1
Dyalisis headache,1
Cardiac cephalalgia,1
Friedman test,1
H. pylori,1
Diving headache,1
Haemophilus influenzae,1
Abdominal migraine,1
Recurrent gastrointestinal,1
Pseudomonas aeruginosa,1
Bacillus longum,1
Opioid medications,1
Lactobacillus rhamnosus,1
Desulfovibrio spp,1
Streptococcus thermophilus,1
L. rhamnosus,1
Comparison group,1
Relative risk,1
Ginkgo biloba,1
Caenorhabditis elegans,1
Clinical presentation,1
Curcuma longa,1
Bifidobacterium infantis,1
Umbellularia californica,1
Akkermansia muciniphila,1
Bacillus breve,1
Blastocystis hominis,1
Although botulinum,1
